{
 "collimator": {
  "s": [
   6487.671298585001,
   6520.992797084,
   6707.5757970839995,
   6718.920797084,
   6724.7407970839995,
   6915.175794823001,
   13183.344216846803,
   16804.965799081274,
   19789.184382521118,
   19791.18438237512,
   19793.18438222912,
   19832.678880613126,
   19891.906380613127,
   19895.906380613127,
   19917.23638061313,
   19989.16238061313,
   19991.16238061313,
   19995.16238061313,
   20086.418380613126,
   20102.418380613126
  ],
  "name": [
   "tcp.6l3.b1",
   "tcsg.5l3.b1",
   "tcsg.4r3.b1",
   "tcsg.a5r3.b1",
   "tcsg.b5r3.b1",
   "tcla.7r3.b1",
   "tctpv.4l5.b1",
   "tcdqa.a4r6.b1",
   "tcp.d6l7.b1",
   "tcp.c6l7.b1",
   "tcp.b6l7.b1",
   "tcsg.a6l7.b1",
   "tcsg.b5l7.b1",
   "tcsg.a5l7.b1",
   "tcsg.d4l7.b1",
   "tcspm.b4l7.b1",
   "tcsg.a4l7.b1",
   "tcsg.a4r7.b1",
   "tcsg.b5r7.b1",
   "tcsg.d5r7.b1"
  ],
  "length": [
   0.6,
   1.0,
   1.0,
   1.0,
   1.0,
   1.0,
   1.0,
   3.0,
   0.6,
   0.6,
   0.6,
   1.0,
   1.0,
   1.0,
   1.0,
   1.0,
   1.0,
   1.0,
   1.0,
   1.0
  ],
  "n": [
   267.0,
   12.0,
   18.0,
   6.0,
   5.0,
   2.0,
   3.0,
   1.0,
   35.0,
   113.0,
   9.0,
   2.0,
   8.0,
   1.0,
   2.0,
   2.0,
   1.0,
   2.0,
   1.0,
   1.0
  ]
 },
 "aperture": {
  "s": [
   6614.835797084,
   7063.8201903916315
  ],
  "name": [
   "bpmwe.4l3.d.b1_aper",
   "mb.a11r3.b1..2_aper"
  ],
  "n": [
   1.0,
   1.0
  ]
 },
 "machine_length": 26658.883176584142,
 "interpolation": 0.1,
 "reversed": false
}