{
 "collimator": {
  "s": [
   20199.140373184764,
   20197.14037318476,
   20195.14037318476,
   20155.645875198752,
   20096.41837519875,
   20092.41837519875,
   20071.08837519875,
   20003.16237519875,
   20001.16237519875,
   19985.16237519875,
   19901.90637519875,
   19885.90637519875,
   19879.90637519875,
   13543.336944864008,
   6841.770293319012,
   6808.448795520024,
   6773.942800000008,
   6621.865795520014,
   6610.520795520013,
   6604.700795520013,
   6574.220795520014,
   213.1359999999986
  ],
  "name": [
   "tcp.d6r7.b2",
   "tcp.c6r7.b2",
   "tcp.b6r7.b2",
   "tcsg.a6r7.b2",
   "tcsg.b5r7.b2",
   "tcsg.a5r7.b2",
   "tcsg.d4r7.b2",
   "tcspm.b4r7.b2",
   "tcsg.a4r7.b2",
   "tcsg.a4l7.b2",
   "tcsg.b5l7.b2",
   "tcsg.d5l7.b2",
   "tcspm.e5l7.b2",
   "tctpv.6r5.b2",
   "tcp.6r3.b2",
   "tcsg.5r3.b2",
   "tccs.5r3.b2",
   "tcsg.4l3.b2",
   "tcsg.a5l3.b2",
   "tcsg.b5l3.b2",
   "tcla.a5l3.b2",
   "tctpv.6r1.b2"
  ],
  "length": [
   0.6,
   0.6,
   0.6,
   1.0,
   1.0,
   1.0,
   1.0,
   1.0,
   1.0,
   1.0,
   1.0,
   1.0,
   1.0,
   1.0,
   0.6,
   1.0,
   0.004,
   1.0,
   1.0,
   1.0,
   1.0,
   1.0
  ],
  "n": [
   9076.0,
   3.0,
   19.0,
   252.0,
   224.0,
   132.0,
   53.0,
   6.0,
   44.0,
   50.0,
   17.0,
   20.0,
   1.0,
   2.0,
   6.0,
   2.0,
   18.0,
   2.0,
   9.0,
   6.0,
   42.0,
   7.0
  ]
 },
 "aperture": {
  "s": [
   10435.851518833008,
   14249.222330404007,
   19566.30226480263,
   19571.967858280885,
   19574.8503532084,
   19651.033689630458,
   19658.13705339215,
   19668.961358947734,
   19682.336836471088
  ],
  "name": [
   "ms.11r4.b2_mken_aper",
   "mq.20r5.b2_mken_aper",
   "leir.11l7.b2_mkex_aper",
   "leir.11l7.b2_aper",
   "leir.11l7.b2_aper",
   "mqtli.b9l7.b2..2_aper",
   "mb.b9l7.b2..2_aper",
   "mb.b9l7.b2..1_aper",
   "mb.a9l7.b2_aper"
  ],
  "n": [
   1.0,
   1.0,
   1.0,
   1.0,
   1.0,
   1.0,
   1.0,
   1.0,
   1.0
  ]
 },
 "machine_length": 26658.883171485762,
 "interpolation": 0.1,
 "reversed": true
}