{
 "collimator": {
  "s": [
   20199.140373184764,
   20096.41837519875,
   20092.41837519875,
   20001.16237519875,
   6841.770293319012,
   6808.448795520024,
   6653.2543000000005,
   6621.865795520014,
   6610.520795520013,
   6604.700795520013,
   6574.220795520014,
   6414.26579857001
  ],
  "name": [
   "tcp.d6r7.b2",
   "tcsg.b5r7.b2",
   "tcsg.a5r7.b2",
   "tcsg.a4r7.b2",
   "tcp.6r3.b2",
   "tcsg.5r3.b2",
   "tccp.4l3.b2",
   "tcsg.4l3.b2",
   "tcsg.a5l3.b2",
   "tcsg.b5l3.b2",
   "tcla.a5l3.b2",
   "tcla.7l3.b2"
  ],
  "length": [
   0.6,
   1.0,
   1.0,
   1.0,
   0.6,
   1.0,
   0.07,
   1.0,
   1.0,
   1.0,
   1.0,
   1.0
  ],
  "n": [
   3.0,
   2.0,
   2.0,
   2.0,
   364.0,
   13.0,
   2.0,
   17.0,
   7.0,
   10.0,
   1.0,
   2.0
  ]
 },
 "aperture": {
  "s": [
   2794.2800837015566,
   6244.1087061964645,
   6319.399759168551,
   6329.486456012899,
   6642.095795520014,
   6691.431128853354,
   6695.401795520022,
   6714.6057955200195
  ],
  "name": [
   "mb.c13l2.b2_mkex_aper",
   "lefl.11l3.b2_aper",
   "mq.9l3.b2_aper",
   "mb.b9l3.b2..2_aper",
   "vmgia.4l3.b.b2_aper",
   "vamgf.4r3.b.b2_aper",
   "mqwb.4r3.b2_mkex_aper",
   "vmhia.4r3.b.b2_aper"
  ],
  "n": [
   1.0,
   1.0,
   1.0,
   1.0,
   1.0,
   1.0,
   1.0,
   1.0
  ]
 },
 "machine_length": 26658.883171485762,
 "interpolation": 0.1,
 "reversed": true
}