{
 "collimator": {
  "s": [
   23431.459588610964,
   20199.140373184764,
   20195.14037318476,
   20155.645875198752,
   20096.41837519875,
   20092.41837519875,
   20071.08837519875,
   20003.16237519875,
   20001.16237519875,
   19985.16237519875,
   19901.90637519875,
   19885.90637519875,
   19879.90637519875,
   19845.301375198753,
   19840.235375198754,
   19776.092377501758,
   13543.336944864008,
   6841.770293319012,
   6808.448795520024,
   6653.2543000000005,
   6604.700795520013,
   6574.220795520014,
   213.1359999999986
  ],
  "name": [
   "tctpv.4r8.b2",
   "tcp.d6r7.b2",
   "tcp.b6r7.b2",
   "tcsg.a6r7.b2",
   "tcsg.b5r7.b2",
   "tcsg.a5r7.b2",
   "tcsg.d4r7.b2",
   "tcspm.b4r7.b2",
   "tcsg.a4r7.b2",
   "tcsg.a4l7.b2",
   "tcsg.b5l7.b2",
   "tcsg.d5l7.b2",
   "tcspm.e5l7.b2",
   "tcspm.6l7.b2",
   "tcla.a6l7.b2",
   "tcla.c6l7.b2",
   "tctpv.6r5.b2",
   "tcp.6r3.b2",
   "tcsg.5r3.b2",
   "tccp.4l3.b2",
   "tcsg.b5l3.b2",
   "tcla.a5l3.b2",
   "tctpv.6r1.b2"
  ],
  "length": [
   1.0,
   0.6,
   0.6,
   1.0,
   1.0,
   1.0,
   1.0,
   1.0,
   1.0,
   1.0,
   1.0,
   1.0,
   1.0,
   1.0,
   1.0,
   1.0,
   1.0,
   0.6,
   1.0,
   0.07,
   1.0,
   1.0,
   1.0
  ],
  "n": [
   1.0,
   7608.0,
   174.0,
   306.0,
   300.0,
   186.0,
   60.0,
   10.0,
   77.0,
   54.0,
   71.0,
   34.0,
   3.0,
   1.0,
   2.0,
   1.0,
   3.0,
   3.0,
   2.0,
   1.0,
   1.0,
   25.0,
   1.0
  ]
 },
 "aperture": {
  "s": [
   46.64596941176569,
   46.735970980393176,
   47.09597725490312,
   47.365981960785575,
   47.72598823529552,
   47.815989803923,
   47.90599137255049,
   48.175996078432945,
   48.40100000000166,
   49.34601647059026,
   49.616021176472714,
   49.7060227451002,
   17101.053778532856,
   17107.86546173899,
   19558.540135092455,
   19559.92463509246,
   19577.715282187517,
   19585.461115520855,
   19587.34792107641,
   19597.14839859979,
   19651.467022963792,
   19652.48868963046,
   19653.225356297153,
   19658.534275614373,
   19662.20858116993,
   19667.57108116993,
   19680.648642026645,
   20120.913975198753,
   20126.83837519875,
   20129.17701519875,
   26596.342085211254
  ],
  "name": [
   "mqxfb.b2r1..13_aper",
   "mqxfb.b2r1..13_aper",
   "mqxfb.b2r1..12_aper",
   "mqxfb.b2r1..11_aper",
   "mqxfb.b2r1..10_aper",
   "mqxfb.b2r1..10_aper",
   "mqxfb.b2r1..10_aper",
   "mqxfb.b2r1..9_aper",
   "mqxfb.b2r1_aper",
   "mqxfb.b2r1..7_aper",
   "mqxfb.b2r1..6_aper",
   "mqxfb.b2r1..6_aper",
   "mcbh.11r6.b2_aper",
   "mb.a12r6.b2..2_aper",
   "mq.11l7.b2_mken_aper",
   "mqtli.11l7.b2_mken_aper",
   "mb.b11l7.b2_mkex_aper",
   "mb.b11l7.b2_aper",
   "mb.b11l7.b2_aper",
   "mb.a11l7.b2..2_aper",
   "mqtli.b9l7.b2_aper",
   "mqtli.a9l7.b2..2_aper",
   "mqtli.a9l7.b2_mken_aper",
   "mb.b9l7.b2..2_aper",
   "mb.b9l7.b2..2_aper",
   "mb.b9l7.b2..1_aper",
   "mb.a9l7.b2_aper",
   "mqwa.b5r7.b2..3_aper",
   "vamgg.5r7.a.b2_aper",
   "mqwa.c5r7.b2_aper",
   "mqxfa.b3l1..9_aper"
  ],
  "n": [
   1.0,
   1.0,
   1.0,
   1.0,
   1.0,
   1.0,
   1.0,
   1.0,
   1.0,
   1.0,
   1.0,
   1.0,
   1.0,
   1.0,
   1.0,
   1.0,
   1.0,
   1.0,
   1.0,
   1.0,
   1.0,
   1.0,
   1.0,
   1.0,
   1.0,
   1.0,
   1.0,
   1.0,
   1.0,
   1.0,
   1.0
  ]
 },
 "machine_length": 26658.883171485762,
 "interpolation": 0.1,
 "reversed": true
}