{
 "collimator": {
  "s": [
   20005.16237574687,
   20003.16237574687
  ],
  "name": [
   "tcsg.b4r7.b2",
   "tcspm.b4r7.b2"
  ],
  "length": [
   1.0,
   1.0
  ],
  "n": [
   869.0,
   118.0
  ]
 },
 "aperture": {
  "s": [
   19524.040822019317,
   19864.439575746866,
   19864.534042413536,
   19872.80637574687,
   19908.37637574687,
   19929.854855746868,
   19935.99637574687,
   19937.871830292323,
   19946.326375746867,
   19950.30855756505
  ],
  "name": [
   "mb.b12l7.b2_mkex_aper",
   "mqwa.f5l7.b2..1_aper_patch",
   "mqwa.f5l7.b2..1_aper_patch",
   "vmgia.a5l7.b.b2_aper",
   "vmgia.b4l7.b.b2_aper",
   "mqwa.b4l7.b2..3_aper",
   "vmgia.a4l7.b.b2_aper",
   "vmala.4l7.b.b2_aper",
   "vamfa.b4l7.b.b2_aper",
   "vmaaf.c4l7.b.b2_aper"
  ],
  "n": [
   1.0,
   1.0,
   1.0,
   1.0,
   1.0,
   1.0,
   1.0,
   1.0,
   1.0,
   1.0
  ]
 },
 "machine_length": 26658.88317064787,
 "interpolation": 0.1,
 "reversed": true
}