{
 "collimator": {
  "s": [
   20199.14037329887,
   20155.64587574687,
   20096.41837574687,
   20071.08837574687,
   20003.16237574687,
   20001.16237574687,
   19985.16237574687,
   19901.90637574687,
   19885.90637574687,
   6653.299999999999,
   6621.865793629015,
   6610.5207936290135,
   6604.700793629014,
   6574.220793629014,
   3448.8172140319984
  ],
  "name": [
   "tcp.d6r7.b2",
   "tcsg.a6r7.b2",
   "tcsg.b5r7.b2",
   "tcsg.d4r7.b2",
   "tcspm.b4r7.b2",
   "tcsg.a4r7.b2",
   "tcsg.a4l7.b2",
   "tcsg.b5l7.b2",
   "tcsg.d5l7.b2",
   "tccp.4l3.b2",
   "tcsg.4l3.b2",
   "tcsg.a5l3.b2",
   "tcsg.b5l3.b2",
   "tcla.a5l3.b2",
   "tctpv.4r2.b2"
  ],
  "length": [
   0.6,
   1.0,
   1.0,
   1.0,
   1.0,
   1.0,
   1.0,
   1.0,
   1.0,
   0.07,
   1.0,
   1.0,
   1.0,
   1.0,
   1.0
  ],
  "n": [
   13.0,
   5.0,
   1.0,
   7.0,
   1.0,
   17.0,
   25.0,
   1.0,
   1.0,
   5.0,
   2.0,
   1.0,
   3.0,
   4.0,
   2.0
  ]
 },
 "aperture": {
  "s": [
   6618.555794237163,
   6647.789889197549,
   6649.5817438410195,
   20009.396661461156
  ],
  "name": [
   "vctnl.b4l3.a.b2_aper",
   "vcda.c4l3.a.b2_aper",
   "vcda.c4l3.a.b2_aper",
   "vcdqg.4r7.a.b2_aper"
  ],
  "n": [
   1.0,
   1.0,
   1.0,
   1.0
  ]
 },
 "machine_length": 26658.88317064787,
 "interpolation": 0.1,
 "reversed": true
}