{
 "collimator": {
  "s": [
   20199.14037363399,
   20195.140373925988,
   20155.645876081988,
   20096.418376081987,
   20092.418376081987,
   20071.088376081985,
   20001.162376081986,
   19985.162376081986,
   19901.906376081984
  ],
  "name": [
   "tcp.d6r7.b2",
   "tcp.b6r7.b2",
   "tcsg.a6r7.b2",
   "tcsg.b5r7.b2",
   "tcsg.a5r7.b2",
   "tcsg.d4r7.b2",
   "tcsg.a4r7.b2",
   "tcsg.a4l7.b2",
   "tcsg.b5l7.b2"
  ],
  "length": [
   0.6,
   0.6,
   1.0,
   1.0,
   1.0,
   1.0,
   1.0,
   1.0,
   1.0
  ],
  "n": [
   139,
   4,
   5,
   5,
   2,
   2,
   5,
   4,
   1
  ]
 },
 "aperture": {
  "s": [
   6833.393793852007
  ],
  "name": [
   "tcapa.6r3.b2_mken_aper"
  ],
  "n": [
   1
  ]
 },
 "machine_length": 26658.883172057984,
 "interpolation": 0.1,
 "reversed": true
}