{
 "collimator": {
  "s": [
   20199.14037329887,
   20197.14037344487,
   20195.140373590868,
   20155.645875746868,
   20096.418375746867,
   20092.418375746867,
   20071.08837574687,
   20069.08837574687,
   20001.16237574687,
   19985.16237574687,
   19885.90637574687,
   6773.878499999999,
   6653.254499999999,
   6621.865793629015,
   6610.5207936290135,
   6604.700793629014,
   6574.220793629014
  ],
  "name": [
   "tcp.d6r7.b2",
   "tcp.c6r7.b2",
   "tcp.b6r7.b2",
   "tcsg.a6r7.b2",
   "tcsg.b5r7.b2",
   "tcsg.a5r7.b2",
   "tcsg.d4r7.b2",
   "tcspm.d4r7.b2",
   "tcsg.a4r7.b2",
   "tcsg.a4l7.b2",
   "tcsg.d5l7.b2",
   "tccs.5r3.b2",
   "tccp.4l3.b2",
   "tcsg.4l3.b2",
   "tcsg.a5l3.b2",
   "tcsg.b5l3.b2",
   "tcla.a5l3.b2"
  ],
  "length": [
   0.6,
   0.6,
   0.6,
   1.0,
   1.0,
   1.0,
   1.0,
   1.0,
   1.0,
   1.0,
   1.0,
   0.004,
   0.07,
   1.0,
   1.0,
   1.0,
   1.0
  ],
  "n": [
   30.0,
   2.0,
   2.0,
   5.0,
   1.0,
   5.0,
   28.0,
   4.0,
   15.0,
   12.0,
   1.0,
   3.0,
   107.0,
   9.0,
   18.0,
   16.0,
   524.0
  ]
 },
 "aperture": {
  "s": [
   6131.73411268905,
   6362.387426328925,
   6380.742799570915,
   6483.624796679007,
   6539.422793629015,
   6618.555793629013,
   6624.802913629013,
   6625.051553629015,
   6626.128993629016,
   6627.053793629017,
   6627.626771406791,
   6628.1793047401225,
   6630.2397936290145,
   6631.610949184567,
   6632.734433629015,
   6634.389126962349,
   6640.417313629016,
   6641.484393629016,
   6641.639793629016,
   6642.0291269623485,
   6642.095793629014,
   6643.596349184572,
   6644.257460295681,
   6644.809126962347,
   6645.591702719925,
   6645.988975447195,
   6646.0882936290145,
   6646.386248174469,
   6646.684202719924,
   6647.081475447194,
   6647.180793629013,
   6647.235793629014,
   6647.490793629015,
   6647.590793629013,
   6648.084539801908,
   6648.183289036486,
   6648.282038271063,
   6648.380787505645,
   6648.775784443958,
   6648.874533678536,
   6649.170781382272,
   6649.26953061685,
   6649.368279851431,
   6649.467029086009,
   19941.081375746868,
   20172.755875497867
  ],
  "name": [
   "mb.c13l3.b2..2_aper",
   "mqtli.8l3.b2..3_aper",
   "mcs.b8l3.b2_mken_aper",
   "vcelw.d6l3.b.b2_aper",
   "vmgia.5l3.b.b2_aper",
   "vcelq.f4l3.b.b2_aper",
   "mqwa.d4l3.b2..3_aper",
   "mqwa.d4l3.b2_aper",
   "mqwa.d4l3.b2..1_aper",
   "vamgh.b4l3.b.b2_aper",
   "mqwa.c4l3.b2..4_aper",
   "mqwa.c4l3.b2..4_aper",
   "mqwa.c4l3.b2_mken_aper",
   "mqwb.4l3.b2..4_aper",
   "mqwb.4l3.b2_aper",
   "vcelq.c4l3.b.b2_aper",
   "mqwa.a4l3.b2_aper",
   "mqwa.a4l3.b2..1_aper",
   "mqwa.a4l3.b2_mken_aper",
   "vcelq.a4l3.b.b2_aper",
   "vmgia.4l3.b.b2_aper",
   "mcbwv.4l3.b2_mkex_aper",
   "mcbwv.4l3.b2_aper",
   "vcelv.4l3.b.b2_aper",
   "vamgj.4l3.b.b2_aper",
   "vamgj.4l3.b.b2_aper",
   "vamgj.4l3.b.b2_aper",
   "vamgj.4l3.b.b2_aper",
   "vamgj.4l3.b.b2_aper",
   "vamgj.4l3.b.b2_aper",
   "vcelh.4l3.b.b2_aper",
   "vcelh.4l3.b.b2_aper",
   "vctne.4l3.b.b2_aper",
   "vmgab.4l3.b.b2_aper",
   "vmgab.4l3.b.b2_aper",
   "vmgab.4l3.b.b2_aper",
   "vmgab.4l3.b.b2_aper",
   "vmgab.4l3.b.b2_aper",
   "vmgab.4l3.b.b2_aper",
   "vmgab.4l3.b.b2_aper",
   "vmgab.4l3.b.b2_aper",
   "vmgab.4l3.b.b2_aper",
   "vmgab.4l3.b.b2_aper",
   "vmgab.4l3.b.b2_aper",
   "vcelv.4l7.b.b2_aper",
   "tcapa.6r7.c.b2_aper"
  ],
  "n": [
   1.0,
   1.0,
   1.0,
   2.0,
   1.0,
   1.0,
   1.0,
   1.0,
   1.0,
   1.0,
   1.0,
   1.0,
   1.0,
   1.0,
   1.0,
   1.0,
   1.0,
   1.0,
   1.0,
   1.0,
   3.0,
   1.0,
   1.0,
   1.0,
   1.0,
   2.0,
   1.0,
   1.0,
   1.0,
   1.0,
   10.0,
   5.0,
   1.0,
   2.0,
   1.0,
   1.0,
   2.0,
   1.0,
   1.0,
   2.0,
   1.0,
   6.0,
   37.0,
   109.0,
   1.0,
   1.0
  ]
 },
 "machine_length": 26658.88317064787,
 "interpolation": 0.1,
 "reversed": true
}