{
 "collimator": {
  "s": [
   20199.14037363399,
   20197.14037377999,
   20195.140373925988,
   20155.645876081988,
   20096.418376081987,
   20092.418376081987,
   20071.088376081985,
   20003.162376081986,
   20001.162376081986,
   19985.162376081986,
   19901.906376081984,
   19885.906376081984,
   19879.906376081984,
   19776.09237827099,
   19774.09237827099,
   19756.46437827099,
   6841.770291762998
  ],
  "name": [
   "tcp.d6r7.b2",
   "tcp.c6r7.b2",
   "tcp.b6r7.b2",
   "tcsg.a6r7.b2",
   "tcsg.b5r7.b2",
   "tcsg.a5r7.b2",
   "tcsg.d4r7.b2",
   "tcspm.b4r7.b2",
   "tcsg.a4r7.b2",
   "tcsg.a4l7.b2",
   "tcsg.b5l7.b2",
   "tcsg.d5l7.b2",
   "tcspm.e5l7.b2",
   "tcla.c6l7.b2",
   "tcla.d6l7.b2",
   "tcla.a7l7.b2",
   "tcp.6r3.b2"
  ],
  "length": [
   0.6,
   0.6,
   0.6,
   1.0,
   1.0,
   1.0,
   1.0,
   1.0,
   1.0,
   1.0,
   1.0,
   1.0,
   1.0,
   1.0,
   1.0,
   1.0,
   0.6
  ],
  "n": [
   3540,
   6,
   95,
   231,
   206,
   148,
   46,
   15,
   43,
   47,
   11,
   18,
   3,
   1,
   1,
   1,
   3
  ]
 },
 "aperture": {
  "s": [],
  "name": [],
  "n": []
 },
 "machine_length": 26658.883172057984,
 "interpolation": 0.1,
 "reversed": true
}