{
 "collimator": {
  "s": [
   6459.742798300999,
   6461.742798300999,
   6562.4647962869985,
   6655.720796286999
  ],
  "name": [
   "tcp.d6r7.b2",
   "tcp.c6r7.b2",
   "tcsg.b5r7.b2",
   "tcspm.b4r7.b2"
  ],
  "length": [
   0.6,
   0.6,
   1.0,
   1.0
  ],
  "n": [
   15.0,
   1.0,
   1.0,
   1.0
  ]
 },
 "aperture": {
  "s": [],
  "name": [],
  "n": []
 },
 "machine_length": 26658.88317148575,
 "interpolation": 0.1,
 "reversed": false
}