{
 "collimator": {
  "s": [
   20199.140373184753,
   20197.140373184753,
   20195.140373184753,
   20155.645875198752,
   20096.418375198748,
   20092.418375198748,
   20071.088375198746,
   20003.162375198746,
   20001.162375198746,
   19985.162375198746,
   19901.906375198745,
   19885.906375198745,
   19879.906375198745,
   19840.235375198747,
   19756.46437750175,
   13543.950944863702,
   13462.083444863702,
   6841.7702933190085,
   6773.700000000001,
   6653.337500000009,
   6653.299999999999,
   6610.520795520017,
   6604.700795520017,
   6574.220795520017,
   215.75000000000364
  ],
  "name": [
   "tcp.d6r7.b2",
   "tcp.c6r7.b2",
   "tcp.b6r7.b2",
   "tcsg.a6r7.b2",
   "tcsg.b5r7.b2",
   "tcsg.a5r7.b2",
   "tcsg.d4r7.b2",
   "tcspm.b4r7.b2",
   "tcsg.a4r7.b2",
   "tcsg.a4l7.b2",
   "tcsg.b5l7.b2",
   "tcsg.d5l7.b2",
   "tcspm.e5l7.b2",
   "tcla.a6l7.b2",
   "tcla.a7l7.b2",
   "tctpv.6r5.b2",
   "tctpxv.4r5.b2",
   "tcp.6r3.b2",
   "tccs.5r3.b2",
   "target.4l3.b2",
   "tccp.4l3.b2",
   "tcsg.a5l3.b2",
   "tcsg.b5l3.b2",
   "tcla.a5l3.b2",
   "tctph.6r1.b2"
  ],
  "length": [
   0.6,
   0.6,
   0.6,
   1.0,
   1.0,
   1.0,
   1.0,
   1.0,
   1.0,
   1.0,
   1.0,
   1.0,
   1.0,
   1.0,
   1.0,
   1.0,
   1.0,
   0.6,
   0.004,
   0.005,
   0.07,
   1.0,
   1.0,
   1.0,
   1.0
  ],
  "n": [
   3174.0,
   23.0,
   6.0,
   125.0,
   344.0,
   351.0,
   23.0,
   36.0,
   61.0,
   48.0,
   36.0,
   32.0,
   9.0,
   91.0,
   1.0,
   21.0,
   1.0,
   3.0,
   1.0,
   2.0,
   1.0,
   2.0,
   2.0,
   5.0,
   1.0
  ]
 },
 "aperture": {
  "s": [
   19673.556814153002
  ],
  "name": [
   "mbh.a9l7.b2..3_aper"
  ],
  "n": [
   1.0
  ]
 },
 "machine_length": 26658.883171485748,
 "interpolation": 0.1,
 "reversed": true
}