{
 "collimator": {
  "s": [
   23431.459588610902,
   20199.140373184753,
   20195.140373184753,
   20155.645875198752,
   20096.418375198748,
   20092.418375198748,
   20071.088375198746,
   20001.162375198746,
   19985.162375198746,
   19879.906375198745,
   19840.235375198747
  ],
  "name": [
   "tctpv.4r8.b2",
   "tcp.d6r7.b2",
   "tcp.b6r7.b2",
   "tcsg.a6r7.b2",
   "tcsg.b5r7.b2",
   "tcsg.a5r7.b2",
   "tcsg.d4r7.b2",
   "tcsg.a4r7.b2",
   "tcsg.a4l7.b2",
   "tcspm.e5l7.b2",
   "tcla.a6l7.b2"
  ],
  "length": [
   1.0,
   0.6,
   0.6,
   1.0,
   1.0,
   1.0,
   1.0,
   1.0,
   1.0,
   1.0,
   1.0
  ],
  "n": [
   1.0,
   101.0,
   1.0,
   2.0,
   11.0,
   4.0,
   1.0,
   3.0,
   1.0,
   1.0,
   1.0
  ]
 },
 "aperture": {
  "s": [],
  "name": [],
  "n": []
 },
 "machine_length": 26658.883171485748,
 "interpolation": 0.1,
 "reversed": true
}