{
 "collimator": {
  "s": [
   20199.14037363399,
   20096.418376081987,
   19885.906376081984
  ],
  "name": [
   "tcp.d6r7.b2",
   "tcsg.b5r7.b2",
   "tcsg.d5l7.b2"
  ],
  "length": [
   0.6,
   1.0,
   1.0
  ],
  "n": [
   3,
   1,
   1
  ]
 },
 "aperture": {
  "s": [],
  "name": [],
  "n": []
 },
 "machine_length": 26658.883172057984,
 "interpolation": 0.1,
 "reversed": true
}