{
 "collimator": {
  "s": [
   20199.14037363399,
   20155.645876081988,
   20096.418376081987,
   20092.418376081987,
   20001.162376081986,
   6574.220793964007
  ],
  "name": [
   "tcp.d6r7.b2",
   "tcsg.a6r7.b2",
   "tcsg.b5r7.b2",
   "tcsg.a5r7.b2",
   "tcsg.a4r7.b2",
   "tcla.a5l3.b2"
  ],
  "length": [
   0.6,
   1.0,
   1.0,
   1.0,
   1.0,
   1.0
  ],
  "n": [
   25.0,
   3.0,
   1.0,
   1.0,
   1.0,
   1.0
  ]
 },
 "aperture": {
  "s": [],
  "name": [],
  "n": []
 },
 "machine_length": 26658.883172057984,
 "interpolation": 0.1,
 "reversed": true
}