{
 "collimator": {
  "s": [
   20199.14037329887,
   20071.08837574687,
   6653.299999999999,
   6621.865793629015,
   6604.700793629014
  ],
  "name": [
   "tcp.d6r7.b2",
   "tcsg.d4r7.b2",
   "tccp.4l3.b2",
   "tcsg.4l3.b2",
   "tcsg.b5l3.b2"
  ],
  "length": [
   0.6,
   1.0,
   0.07,
   1.0,
   1.0
  ],
  "n": [
   2.0,
   1.0,
   1.0,
   2.0,
   1.0
  ]
 },
 "aperture": {
  "s": [
   6640.868549769872,
   6644.351905325424,
   6648.287626575664
  ],
  "name": [
   "mqwa.a4l3.b2..2_aper",
   "mcbwv.4l3.b2_aper",
   "vcda.c4l3.a.b2_aper"
  ],
  "n": [
   1.0,
   1.0,
   16.0
  ]
 },
 "machine_length": 26658.88317064787,
 "interpolation": 0.1,
 "reversed": true
}