{
 "collimator": {
  "s": [
   20199.14037363399,
   20155.645876081988
  ],
  "name": [
   "tcp.d6r7.b2",
   "tcsg.a6r7.b2"
  ],
  "length": [
   0.6,
   1.0
  ],
  "n": [
   4.0,
   1.0
  ]
 },
 "aperture": {
  "s": [],
  "name": [],
  "n": []
 },
 "machine_length": 26658.883172057984,
 "interpolation": 0.1,
 "reversed": true
}