{
 "collimator": {
  "s": [
   20195.140373590868,
   19985.16237574687,
   6574.220793629014
  ],
  "name": [
   "tcp.b6r7.b2",
   "tcsg.a4l7.b2",
   "tcla.a5l3.b2"
  ],
  "length": [
   0.6,
   1.0,
   1.0
  ],
  "n": [
   1.0,
   1.0,
   3.0
  ]
 },
 "aperture": {
  "s": [],
  "name": [],
  "n": []
 },
 "machine_length": 26658.88317064787,
 "interpolation": 0.1,
 "reversed": true
}