{
 "collimator": {
  "s": [
   20199.14037329887,
   20092.41837574687
  ],
  "name": [
   "tcp.d6r7.b2",
   "tcsg.a5r7.b2"
  ],
  "length": [
   0.6,
   1.0
  ],
  "n": [
   1.0,
   1.0
  ]
 },
 "aperture": {
  "s": [],
  "name": [],
  "n": []
 },
 "machine_length": 26658.88317064787,
 "interpolation": 0.1,
 "reversed": true
}