{
 "collimator": {
  "s": [
   20199.14037363399,
   20195.140373925988,
   20155.645876081988,
   20096.418376081987,
   20092.418376081987,
   20071.088376081985,
   20003.162376081986,
   20001.162376081986,
   19985.162376081986,
   19901.906376081984,
   19885.906376081984,
   19879.906376081984,
   19845.301376081985,
   19840.235376081986,
   19776.09237827099,
   19774.09237827099,
   6841.770291762998,
   6653.3375000000015
  ],
  "name": [
   "tcp.d6r7.b2",
   "tcp.b6r7.b2",
   "tcsg.a6r7.b2",
   "tcsg.b5r7.b2",
   "tcsg.a5r7.b2",
   "tcsg.d4r7.b2",
   "tcspm.b4r7.b2",
   "tcsg.a4r7.b2",
   "tcsg.a4l7.b2",
   "tcsg.b5l7.b2",
   "tcsg.d5l7.b2",
   "tcspm.e5l7.b2",
   "tcspm.6l7.b2",
   "tcla.a6l7.b2",
   "tcla.c6l7.b2",
   "tcla.d6l7.b2",
   "tcp.6r3.b2",
   "target.4l3.b2"
  ],
  "length": [
   0.6,
   0.6,
   1.0,
   1.0,
   1.0,
   1.0,
   1.0,
   1.0,
   1.0,
   1.0,
   1.0,
   1.0,
   1.0,
   1.0,
   1.0,
   1.0,
   0.6,
   0.005
  ],
  "n": [
   8980,
   3,
   811,
   802,
   577,
   168,
   29,
   149,
   163,
   16,
   42,
   9,
   2,
   3,
   1,
   1,
   5,
   1997
  ]
 },
 "aperture": {
  "s": [
   19570.874498905214,
   19572.564237311013,
   19598.141454924582,
   19675.981281684763,
   19582.581255178982,
   19657.4419152725,
   19591.124365094973,
   19670.652386299604,
   14783.621379096767,
   19687.66436766868,
   19652.080118971127,
   6870.372045687996
  ],
  "name": [
   "leir.11l7.b2_aper",
   "leir.11l7.b2_aper",
   "mb.a11l7.b2..2_aper",
   "mb.a9l7.b2..2_aper",
   "mb.b11l7.b2..2_aper",
   "mb.b9l7.b2_mkex_aper",
   "mcs.b11l7.b2_mken_aper",
   "mcs.b9l7.b2_mken_aper",
   "mq.30r5.b2..1_aper",
   "mq.8l7.b2_mkex_aper",
   "mqtli.a9l7.b2..8_aper",
   "vssb.6r3.b.b2_aper"
  ],
  "n": [
   1,
   1,
   1,
   1,
   1,
   1,
   1,
   1,
   1,
   1,
   1,
   1
  ]
 },
 "machine_length": 26658.883172057984,
 "interpolation": 0.1,
 "reversed": true
}