{
 "collimator": {
  "s": [
   20199.140373184753,
   20197.140373184753,
   20195.140373184753,
   20155.645875198752,
   20096.418375198748,
   20092.418375198748,
   20071.088375198746,
   20003.162375198746,
   20001.162375198746,
   19985.162375198746,
   19901.906375198745,
   19885.906375198745,
   19879.906375198745,
   19845.301375198746,
   19840.235375198747,
   19774.09237750175,
   19678.364614248858,
   16518.6381612417,
   6841.7702933190085,
   6808.448795520017,
   215.75000000000364,
   213.75000000000364
  ],
  "name": [
   "tcp.d6r7.b2",
   "tcp.c6r7.b2",
   "tcp.b6r7.b2",
   "tcsg.a6r7.b2",
   "tcsg.b5r7.b2",
   "tcsg.a5r7.b2",
   "tcsg.d4r7.b2",
   "tcspm.b4r7.b2",
   "tcsg.a4r7.b2",
   "tcsg.a4l7.b2",
   "tcsg.b5l7.b2",
   "tcsg.d5l7.b2",
   "tcspm.e5l7.b2",
   "tcspm.6l7.b2",
   "tcla.a6l7.b2",
   "tcla.d6l7.b2",
   "tcld.9l7.b2",
   "tcdqa.a4l6.b2",
   "tcp.6r3.b2",
   "tcsg.5r3.b2",
   "tctph.6r1.b2",
   "tctpv.6r1.b2"
  ],
  "length": [
   0.6,
   0.6,
   0.6,
   1.0,
   1.0,
   1.0,
   1.0,
   1.0,
   1.0,
   1.0,
   1.0,
   1.0,
   1.0,
   1.0,
   1.0,
   1.0,
   0.6,
   3.0,
   0.6,
   1.0,
   1.0,
   1.0
  ],
  "n": [
   61.0,
   7778.0,
   60.0,
   26.0,
   271.0,
   111.0,
   13.0,
   332.0,
   98.0,
   80.0,
   200.0,
   166.0,
   31.0,
   33.0,
   13.0,
   2.0,
   1.0,
   4.0,
   1.0,
   1.0,
   3.0,
   6.0
  ]
 },
 "aperture": {
  "s": [
   19586.752087743072,
   19656.15094228107,
   19668.464831169942,
   20115.718375198747
  ],
  "name": [
   "mb.b11l7.b2_aper",
   "mb.b9l7.b2_mkex_aper",
   "mb.b9l7.b2..1_aper",
   "vmgia.5r7.b.b2_aper"
  ],
  "n": [
   1.0,
   1.0,
   1.0,
   1.0
  ]
 },
 "machine_length": 26658.883171485748,
 "interpolation": 0.1,
 "reversed": true
}