{
 "collimator": {
  "s": [
   20199.140373184753,
   20197.140373184753,
   20195.140373184753,
   20155.645875198752,
   20096.418375198748,
   20092.418375198748,
   20071.088375198746,
   20003.162375198746,
   20001.162375198746,
   19985.162375198746,
   19901.906375198745,
   19885.906375198745,
   19879.906375198745,
   19845.301375198746,
   19840.235375198747,
   19809.361375839744,
   19776.09237750175,
   19774.09237750175,
   19756.46437750175,
   16518.6381612417,
   6841.7702933190085,
   6808.448795520017,
   213.75000000000364
  ],
  "name": [
   "tcp.d6r7.b2",
   "tcp.c6r7.b2",
   "tcp.b6r7.b2",
   "tcsg.a6r7.b2",
   "tcsg.b5r7.b2",
   "tcsg.a5r7.b2",
   "tcsg.d4r7.b2",
   "tcspm.b4r7.b2",
   "tcsg.a4r7.b2",
   "tcsg.a4l7.b2",
   "tcsg.b5l7.b2",
   "tcsg.d5l7.b2",
   "tcspm.e5l7.b2",
   "tcspm.6l7.b2",
   "tcla.a6l7.b2",
   "tcla.b6l7.b2",
   "tcla.c6l7.b2",
   "tcla.d6l7.b2",
   "tcla.a7l7.b2",
   "tcdqa.a4l6.b2",
   "tcp.6r3.b2",
   "tcsg.5r3.b2",
   "tctpv.6r1.b2"
  ],
  "length": [
   0.6,
   0.6,
   0.6,
   1.0,
   1.0,
   1.0,
   1.0,
   1.0,
   1.0,
   1.0,
   1.0,
   1.0,
   1.0,
   1.0,
   1.0,
   1.0,
   1.0,
   1.0,
   1.0,
   3.0,
   0.6,
   1.0,
   1.0
  ],
  "n": [
   52.0,
   7834.0,
   84.0,
   18.0,
   301.0,
   101.0,
   8.0,
   312.0,
   88.0,
   65.0,
   198.0,
   171.0,
   35.0,
   36.0,
   8.0,
   1.0,
   1.0,
   1.0,
   2.0,
   3.0,
   1.0,
   1.0,
   4.0
  ]
 },
 "aperture": {
  "s": [
   19652.662022963785,
   19660.718997836586,
   19663.698164503254
  ],
  "name": [
   "mqtli.a9l7.b2_aper",
   "mb.b9l7.b2..2_aper",
   "mb.b9l7.b2_aper"
  ],
  "n": [
   1.0,
   1.0,
   1.0
  ]
 },
 "machine_length": 26658.883171485748,
 "interpolation": 0.1,
 "reversed": true
}