{
 "collimator": {
  "s": [
   20199.140373184753,
   20197.140373184753,
   20195.140373184753,
   20155.645875198752,
   20096.418375198748,
   20092.418375198748,
   20071.088375198746,
   20003.162375198746,
   20001.162375198746,
   19985.162375198746,
   19901.906375198745,
   19885.906375198745,
   19879.906375198745,
   19840.235375198747,
   19774.09237750175,
   16518.6381612417,
   13543.950944863702,
   13462.083444863702,
   6841.7702933190085,
   215.75000000000364
  ],
  "name": [
   "tcp.d6r7.b2",
   "tcp.c6r7.b2",
   "tcp.b6r7.b2",
   "tcsg.a6r7.b2",
   "tcsg.b5r7.b2",
   "tcsg.a5r7.b2",
   "tcsg.d4r7.b2",
   "tcspm.b4r7.b2",
   "tcsg.a4r7.b2",
   "tcsg.a4l7.b2",
   "tcsg.b5l7.b2",
   "tcsg.d5l7.b2",
   "tcspm.e5l7.b2",
   "tcla.a6l7.b2",
   "tcla.d6l7.b2",
   "tcdqa.a4l6.b2",
   "tctpv.6r5.b2",
   "tctpxv.4r5.b2",
   "tcp.6r3.b2",
   "tctph.6r1.b2"
  ],
  "length": [
   0.6,
   0.6,
   0.6,
   1.0,
   1.0,
   1.0,
   1.0,
   1.0,
   1.0,
   1.0,
   1.0,
   1.0,
   1.0,
   1.0,
   1.0,
   3.0,
   1.0,
   1.0,
   0.6,
   1.0
  ],
  "n": [
   7354.0,
   48.0,
   240.0,
   154.0,
   470.0,
   402.0,
   21.0,
   41.0,
   82.0,
   39.0,
   41.0,
   41.0,
   10.0,
   103.0,
   2.0,
   1.0,
   42.0,
   1.0,
   1.0,
   1.0
  ]
 },
 "aperture": {
  "s": [
   19568.78717422293,
   19589.433337743056,
   19590.60084039365,
   19653.080911852685
  ],
  "name": [
   "leir.11l7.b2_aper",
   "mb.b11l7.b2..1_aper",
   "mcs.b11l7.b2_aper",
   "mqtli.a9l7.b2..1_aper"
  ],
  "n": [
   1.0,
   1.0,
   1.0,
   1.0
  ]
 },
 "machine_length": 26658.883171485748,
 "interpolation": 0.1,
 "reversed": true
}